"createdAt","updatedAt","typicalSessionIndex","courseId","programId","type"
2024-11-02 01:50:21.887,2024-11-02 01:50:21.887,1,351029,183256,""
2024-11-02 01:50:21.913,2024-11-02 01:50:21.913,3,353404,183040,TRONC
2024-11-02 01:50:21.958,2024-11-02 01:50:21.958,4,352245,182976,TRONC
2024-11-02 01:50:21.973,2024-11-02 01:50:21.973,4,351827,182976,TRONC
2024-11-02 01:50:21.981,2024-11-02 01:50:21.981,5,353458,182976,TRONC
2024-11-02 01:50:21.994,2024-11-02 01:50:21.994,1,349682,182984,TRONC
2024-11-02 01:50:22.006,2024-11-02 01:50:22.006,1,352663,182984,TRONC
2024-11-02 01:50:22.016,2024-11-02 01:50:22.016,1,353458,182984,TRONC
2024-11-02 01:50:22.031,2024-11-02 01:50:22.031,2,351827,182984,TRONC
2024-11-02 01:50:22.046,2024-11-02 01:50:22.046,2,351839,182984,TRONC
2024-11-02 01:50:22.061,2024-11-02 01:50:22.061,2,349728,182984,CONCE
2024-11-02 01:50:22.076,2024-11-02 01:50:22.076,3,351833,182984,TRONC
2024-11-02 01:50:22.088,2024-11-02 01:50:22.088,3,353450,182984,TRONC
2024-11-02 01:50:22.098,2024-11-02 01:50:22.098,3,351077,182984,CONCE
2024-11-02 01:50:22.112,2024-11-02 01:50:22.112,4,351053,182984,CONCE
2024-11-02 01:50:22.122,2024-11-02 01:50:22.122,4,351065,182984,CONCE
2024-11-02 01:50:22.131,2024-11-02 01:50:22.131,4,351843,182984,CONCE
2024-11-02 01:50:22.143,2024-11-02 01:50:22.143,4,353492,182984,TRONC
2024-11-02 01:50:22.149,2024-11-02 01:50:22.149,4,353462,182984,CONCE
2024-11-02 01:50:22.155,2024-11-02 01:50:22.155,5,353498,182984,CONCE
2024-11-02 01:50:22.161,2024-11-02 01:50:22.161,1,353698,183166,""
2024-11-02 01:50:22.168,2024-11-02 01:50:22.168,1,353776,183166,""
2024-11-02 01:50:22.174,2024-11-02 01:50:22.174,1,353792,183166,""
2024-11-02 01:50:22.178,2024-11-02 01:50:22.178,1,398777,183166,""
2024-11-02 01:50:22.183,2024-11-02 01:50:22.183,1,910274,183166,""
2024-11-02 01:50:22.189,2024-11-02 01:50:22.189,1,910292,183166,""
2024-11-02 01:50:22.195,2024-11-02 01:50:22.195,1,349684,183206,""
2024-11-02 01:50:22.199,2024-11-02 01:50:22.199,1,787886,183206,""
2024-11-02 01:50:22.209,2024-11-02 01:50:22.209,1,352223,183206,""
2024-11-02 01:50:22.213,2024-11-02 01:50:22.213,1,352702,183206,""
2024-11-02 01:50:22.218,2024-11-02 01:50:22.218,1,353704,183206,""
2024-11-02 01:50:22.227,2024-11-02 01:50:22.227,1,353726,183206,""
2024-11-02 01:50:22.233,2024-11-02 01:50:22.233,1,353740,183206,""
2024-11-02 01:50:22.246,2024-11-02 01:50:22.246,1,353752,183206,""
2024-11-02 01:50:22.255,2024-11-02 01:50:22.255,1,353698,183206,""
2024-11-02 01:50:22.262,2024-11-02 01:50:22.262,1,353768,183206,""
2024-11-02 01:50:22.269,2024-11-02 01:50:22.269,1,353782,183206,""
2024-11-02 01:50:22.276,2024-11-02 01:50:22.276,1,351045,183206,""
2024-11-02 01:50:22.282,2024-11-02 01:50:22.282,1,351047,183206,""
2024-11-02 01:50:22.286,2024-11-02 01:50:22.286,1,349684,183306,""
2024-11-02 01:50:22.292,2024-11-02 01:50:22.292,1,787886,183306,""
2024-11-02 01:50:22.297,2024-11-02 01:50:22.297,1,352702,183306,""
2024-11-02 01:50:22.303,2024-11-02 01:50:22.303,1,353250,183306,""
2024-11-02 01:50:22.308,2024-11-02 01:50:22.308,1,353280,183306,""
2024-11-02 01:50:22.314,2024-11-02 01:50:22.314,1,353282,183306,""
2024-11-02 01:50:22.322,2024-11-02 01:50:22.322,1,353284,183306,""
2024-11-02 01:50:22.330,2024-11-02 01:50:22.330,1,353286,183306,""
2024-11-02 01:50:22.335,2024-11-02 01:50:22.335,1,353288,183306,""
2024-11-02 01:50:22.341,2024-11-02 01:50:22.341,1,353290,183306,""
2024-11-02 01:50:22.345,2024-11-02 01:50:22.345,1,353292,183306,""
2024-11-02 01:50:22.350,2024-11-02 01:50:22.350,1,353740,183306,""
2024-11-02 01:50:22.356,2024-11-02 01:50:22.356,1,353742,183306,""
2024-11-02 01:50:22.366,2024-11-02 01:50:22.366,1,353744,183306,""
2024-11-02 01:50:22.375,2024-11-02 01:50:22.375,1,349682,183000,TRONC
2024-11-02 01:50:22.379,2024-11-02 01:50:22.379,1,787696,183000,TRONC
2024-11-02 01:50:22.383,2024-11-02 01:50:22.383,1,352663,183000,TRONC
2024-11-02 01:50:22.392,2024-11-02 01:50:22.392,1,353462,183000,TRONC
2024-11-02 01:50:22.396,2024-11-02 01:50:22.396,2,353450,183000,TRONC
2024-11-02 01:50:22.401,2024-11-02 01:50:22.401,2,353476,183000,TRONC
2024-11-02 01:50:22.409,2024-11-02 01:50:22.409,3,353498,183000,TRONC
2024-11-02 01:50:22.415,2024-11-02 01:50:22.415,1,349682,183008,TRONC
2024-11-02 01:50:22.425,2024-11-02 01:50:22.425,1,787696,183008,TRONC
2024-11-02 01:50:22.431,2024-11-02 01:50:22.431,1,350187,183008,TRONC
2024-11-02 01:50:22.436,2024-11-02 01:50:22.436,1,350898,183008,TRONC
2024-11-02 01:50:22.442,2024-11-02 01:50:22.442,1,350191,183008,TRONC
2024-11-02 01:50:22.446,2024-11-02 01:50:22.446,2,350195,183008,TRONC
2024-11-02 01:50:22.450,2024-11-02 01:50:22.450,2,350908,183008,TRONC
2024-11-02 01:50:22.457,2024-11-02 01:50:22.457,3,350912,183008,TRONC
2024-11-02 01:50:22.463,2024-11-02 01:50:22.463,3,350922,183008,TRONC
2024-11-02 01:50:22.468,2024-11-02 01:50:22.468,3,350918,183008,TRONC
2024-11-02 01:50:22.474,2024-11-02 01:50:22.474,4,350199,183008,TRONC
2024-11-02 01:50:22.478,2024-11-02 01:50:22.478,4,350207,183008,TRONC
2024-11-02 01:50:22.483,2024-11-02 01:50:22.483,5,350211,183008,TRONC
2024-11-02 01:50:22.488,2024-11-02 01:50:22.488,1,352704,183324,""
2024-11-02 01:50:22.495,2024-11-02 01:50:22.495,1,352702,183324,""
2024-11-02 01:50:22.501,2024-11-02 01:50:22.501,1,353524,183324,""
2024-11-02 01:50:22.508,2024-11-02 01:50:22.508,1,353730,183324,""
2024-11-02 01:50:22.513,2024-11-02 01:50:22.513,1,353662,183324,""
2024-11-02 01:50:22.517,2024-11-02 01:50:22.517,1,353720,183324,""
2024-11-02 01:50:22.524,2024-11-02 01:50:22.524,1,353750,183324,""
2024-11-02 01:50:22.529,2024-11-02 01:50:22.529,1,353698,183324,""
2024-11-02 01:50:22.533,2024-11-02 01:50:22.533,1,353680,183324,""
2024-11-02 01:50:22.540,2024-11-02 01:50:22.540,1,353764,183324,""
2024-11-02 01:50:22.545,2024-11-02 01:50:22.545,1,353252,183324,""
2024-11-02 01:50:22.549,2024-11-02 01:50:22.549,1,349682,183024,TRONC
2024-11-02 01:50:22.554,2024-11-02 01:50:22.554,1,787696,183024,TRONC
2024-11-02 01:50:22.562,2024-11-02 01:50:22.562,1,349728,183024,TRONC
2024-11-02 01:50:22.566,2024-11-02 01:50:22.566,1,353458,183024,TRONC
2024-11-02 01:50:22.575,2024-11-02 01:50:22.575,2,351053,183024,TRONC
2024-11-02 01:50:22.579,2024-11-02 01:50:22.579,2,351827,183024,TRONC
2024-11-02 01:50:22.584,2024-11-02 01:50:22.584,3,351833,183024,TRONC
2024-11-02 01:50:22.597,2024-11-02 01:50:22.597,1,351117,182880,TRONC
2024-11-02 01:50:22.602,2024-11-02 01:50:22.602,1,352623,182880,TRONC
2024-11-02 01:50:22.609,2024-11-02 01:50:22.609,1,353444,182880,TRONC
2024-11-02 01:50:22.615,2024-11-02 01:50:22.615,1,351123,182880,TRONC
2024-11-02 01:50:22.620,2024-11-02 01:50:22.620,1,349682,182880,TRONC
2024-11-02 01:50:22.626,2024-11-02 01:50:22.626,1,787696,182880,TRONC
2024-11-02 01:50:22.632,2024-11-02 01:50:22.632,1,349728,182880,TRONC
2024-11-02 01:50:22.639,2024-11-02 01:50:22.639,2,352377,182880,TRONC
2024-11-02 01:50:22.645,2024-11-02 01:50:22.645,2,351053,182880,TRONC
2024-11-02 01:50:22.650,2024-11-02 01:50:22.650,2,351135,182880,TRONC
2024-11-02 01:50:22.656,2024-11-02 01:50:22.656,2,352353,182880,PROFI
2024-11-02 01:50:22.662,2024-11-02 01:50:22.662,2,352694,182880,TRONC
2024-11-02 01:50:22.667,2024-11-02 01:50:22.667,6,351077,182880,TRONC
2024-11-02 01:50:22.676,2024-11-02 01:50:22.676,3,349710,182880,TRONC
2024-11-02 01:50:22.681,2024-11-02 01:50:22.681,3,352383,182880,TRONC
2024-11-02 01:50:22.687,2024-11-02 01:50:22.687,2,352645,182880,TRONC
2024-11-02 01:50:22.692,2024-11-02 01:50:22.692,4,351861,182880,TRONC
2024-11-02 01:50:22.697,2024-11-02 01:50:22.697,3,351153,182880,TRONC
2024-11-02 01:50:22.705,2024-11-02 01:50:22.705,5,351177,182880,TRONC
2024-11-02 01:50:22.711,2024-11-02 01:50:22.711,4,352669,182880,TRONC
2024-11-02 01:50:22.716,2024-11-02 01:50:22.716,5,351261,182880,CONCE
2024-11-02 01:50:22.721,2024-11-02 01:50:22.721,5,351227,182880,TRONC
2024-11-02 01:50:22.727,2024-11-02 01:50:22.727,5,351201,182880,TRONC
2024-11-02 01:50:22.736,2024-11-02 01:50:22.736,5,351867,182880,TRONC
2024-11-02 01:50:22.742,2024-11-02 01:50:22.742,5,353432,182880,TRONC
2024-11-02 01:50:22.746,2024-11-02 01:50:22.746,6,351193,182880,TRONC
2024-11-02 01:50:22.751,2024-11-02 01:50:22.751,6,351219,182880,TRONC
2024-11-02 01:50:22.758,2024-11-02 01:50:22.758,6,351423,182880,CONCE
2024-11-02 01:50:22.766,2024-11-02 01:50:22.766,6,351437,182880,TRONC
2024-11-02 01:50:22.776,2024-11-02 01:50:22.776,6,353396,182880,TRONC
2024-11-02 01:50:22.780,2024-11-02 01:50:22.780,6,351343,182880,CONCE
2024-11-02 01:50:22.786,2024-11-02 01:50:22.786,6,351271,182880,CONCE
2024-11-02 01:50:22.794,2024-11-02 01:50:22.794,6,351293,182880,CONCE
2024-11-02 01:50:22.798,2024-11-02 01:50:22.798,6,351315,182880,CONCE
2024-11-02 01:50:22.807,2024-11-02 01:50:22.807,6,351369,182880,CONCE
2024-11-02 01:50:22.811,2024-11-02 01:50:22.811,6,351385,182880,CONCE
2024-11-02 01:50:22.821,2024-11-02 01:50:22.821,6,351429,182880,CONCE
2024-11-02 01:50:22.826,2024-11-02 01:50:22.826,6,351329,182880,CONCE
2024-11-02 01:50:22.831,2024-11-02 01:50:22.831,6,351411,182880,CONCE
2024-11-02 01:50:22.839,2024-11-02 01:50:22.839,7,351451,182880,TRONC
2024-11-02 01:50:22.844,2024-11-02 01:50:22.844,7,354038,182880,TRONC
2024-11-02 01:50:22.848,2024-11-02 01:50:22.848,7,351463,182880,CONCE
2024-11-02 01:50:22.855,2024-11-02 01:50:22.855,7,351399,182880,CONCE
2024-11-02 01:50:22.861,2024-11-02 01:50:22.861,7,351405,182880,CONCE
2024-11-02 01:50:22.867,2024-11-02 01:50:22.867,7,351299,182880,CONCE
2024-11-02 01:50:22.877,2024-11-02 01:50:22.877,8,351243,182880,CONCE
2024-11-02 01:50:22.882,2024-11-02 01:50:22.882,8,351279,182880,CONCE
2024-11-02 01:50:22.887,2024-11-02 01:50:22.887,8,351355,182880,CONCE
2024-11-02 01:50:22.893,2024-11-02 01:50:22.893,8,352155,182880,CONCE
2024-11-02 01:50:22.899,2024-11-02 01:50:22.899,8,351469,182880,CONCE
2024-11-02 01:50:22.906,2024-11-02 01:50:22.906,8,351471,182880,TRONC
2024-11-02 01:50:22.913,2024-11-02 01:50:22.913,1,353752,183186,""
2024-11-02 01:50:22.919,2024-11-02 01:50:22.919,1,353698,183186,""
2024-11-02 01:50:22.932,2024-11-02 01:50:22.932,1,353768,183186,""
2024-11-02 01:50:22.938,2024-11-02 01:50:22.938,1,353782,183186,""
2024-11-02 01:50:22.947,2024-11-02 01:50:22.947,1,350065,183394,""
2024-11-02 01:50:22.954,2024-11-02 01:50:22.954,1,350067,183394,""
2024-11-02 01:50:22.962,2024-11-02 01:50:22.962,1,350071,183394,""
2024-11-02 01:50:22.977,2024-11-02 01:50:22.977,1,352623,182848,TRONC
2024-11-02 01:50:22.992,2024-11-02 01:50:22.992,1,352377,182848,TRONC
2024-11-02 01:50:22.997,2024-11-02 01:50:22.997,1,349682,182848,TRONC
2024-11-02 01:50:23.007,2024-11-02 01:50:23.007,1,787696,182848,TRONC
2024-11-02 01:50:23.023,2024-11-02 01:50:23.023,1,787703,182848,TRONC
2024-11-02 01:50:23.033,2024-11-02 01:50:23.033,1,352399,182848,TRONC
2024-11-02 01:50:23.043,2024-11-02 01:50:23.043,1,349710,182848,TRONC
2024-11-02 01:50:23.049,2024-11-02 01:50:23.049,2,352637,182848,TRONC
2024-11-02 01:50:23.060,2024-11-02 01:50:23.060,2,352405,182848,TRONC
2024-11-02 01:50:23.072,2024-11-02 01:50:23.072,3,352655,182848,TRONC
2024-11-02 01:50:23.084,2024-11-02 01:50:23.084,3,353422,182848,TRONC
2024-11-02 01:50:23.097,2024-11-02 01:50:23.097,3,352383,182848,TRONC
2024-11-02 01:50:23.109,2024-11-02 01:50:23.109,3,352413,182848,TRONC
2024-11-02 01:50:23.118,2024-11-02 01:50:23.118,3,352421,182848,TRONC
2024-11-02 01:50:23.132,2024-11-02 01:50:23.132,4,352694,182848,TRONC
2024-11-02 01:50:23.141,2024-11-02 01:50:23.141,4,353432,182848,TRONC
2024-11-02 01:50:23.155,2024-11-02 01:50:23.155,4,352429,182848,TRONC
2024-11-02 01:50:23.165,2024-11-02 01:50:23.165,4,351911,182848,TRONC
2024-11-02 01:50:23.178,2024-11-02 01:50:23.178,4,349762,182848,TRONC
2024-11-02 01:50:23.184,2024-11-02 01:50:23.184,4,352449,182848,TRONC
2024-11-02 01:50:23.198,2024-11-02 01:50:23.198,4,351939,182848,TRONC
2024-11-02 01:50:23.215,2024-11-02 01:50:23.215,4,353396,182848,TRONC
2024-11-02 01:50:23.226,2024-11-02 01:50:23.226,5,352669,182848,TRONC
2024-11-02 01:50:23.238,2024-11-02 01:50:23.238,5,351989,182848,CONCE
2024-11-02 01:50:23.250,2024-11-02 01:50:23.250,5,352531,182848,CONCE
2024-11-02 01:50:23.257,2024-11-02 01:50:23.257,5,352457,182848,TRONC
2024-11-02 01:50:23.268,2024-11-02 01:50:23.268,6,352077,182848,CONCE
2024-11-02 01:50:23.279,2024-11-02 01:50:23.279,6,352523,182848,TRONC
2024-11-02 01:50:23.285,2024-11-02 01:50:23.285,6,351971,182848,TRONC
2024-11-02 01:50:23.294,2024-11-02 01:50:23.294,6,351053,182848,TRONC
2024-11-02 01:50:23.299,2024-11-02 01:50:23.299,7,352465,182848,CONCE
2024-11-02 01:50:23.307,2024-11-02 01:50:23.307,7,352473,182848,CONCE
2024-11-02 01:50:23.314,2024-11-02 01:50:23.314,7,352491,182848,CONCE
2024-11-02 01:50:23.322,2024-11-02 01:50:23.322,7,352499,182848,CONCE
2024-11-02 01:50:23.328,2024-11-02 01:50:23.328,7,352507,182848,CONCE
2024-11-02 01:50:23.335,2024-11-02 01:50:23.335,7,352517,182848,CONCE
2024-11-02 01:50:23.346,2024-11-02 01:50:23.346,7,352539,182848,CONCE
2024-11-02 01:50:23.353,2024-11-02 01:50:23.353,7,352549,182848,CONCE
2024-11-02 01:50:23.365,2024-11-02 01:50:23.365,7,352559,182848,CONCE
2024-11-02 01:50:23.374,2024-11-02 01:50:23.374,7,352567,182848,CONCE
2024-11-02 01:50:23.380,2024-11-02 01:50:23.380,7,352579,182848,CONCE
2024-11-02 01:50:23.388,2024-11-02 01:50:23.388,7,352587,182848,CONCE
2024-11-02 01:50:23.395,2024-11-02 01:50:23.395,7,352595,182848,CONCE
2024-11-02 01:50:23.403,2024-11-02 01:50:23.403,7,354038,182848,TRONC
2024-11-02 01:50:23.414,2024-11-02 01:50:23.414,7,351979,182848,CONCE
2024-11-02 01:50:23.422,2024-11-02 01:50:23.422,7,351901,182848,CONCE
2024-11-02 01:50:23.432,2024-11-02 01:50:23.432,8,351957,182848,CONCE
2024-11-02 01:50:23.440,2024-11-02 01:50:23.440,8,352005,182848,CONCE
2024-11-02 01:50:23.448,2024-11-02 01:50:23.448,8,352021,182848,CONCE
2024-11-02 01:50:23.454,2024-11-02 01:50:23.454,8,352029,182848,CONCE
2024-11-02 01:50:23.461,2024-11-02 01:50:23.461,8,352099,182848,CONCE
2024-11-02 01:50:23.467,2024-11-02 01:50:23.467,8,352035,182848,CONCE
2024-11-02 01:50:23.473,2024-11-02 01:50:23.473,8,352057,182848,CONCE
2024-11-02 01:50:23.478,2024-11-02 01:50:23.478,8,352127,182848,CONCE
2024-11-02 01:50:23.483,2024-11-02 01:50:23.483,8,350371,182848,CONCE
2024-11-02 01:50:23.489,2024-11-02 01:50:23.489,8,350387,182848,CONCE
2024-11-02 01:50:23.496,2024-11-02 01:50:23.496,8,350477,182848,CONCE
2024-11-02 01:50:23.503,2024-11-02 01:50:23.503,8,352601,182848,CONCE
2024-11-02 01:50:23.512,2024-11-02 01:50:23.512,8,352603,182848,TRONC
2024-11-02 01:50:23.519,2024-11-02 01:50:23.519,1,349682,183016,TRONC
2024-11-02 01:50:23.527,2024-11-02 01:50:23.527,1,787696,183016,TRONC
2024-11-02 01:50:23.533,2024-11-02 01:50:23.533,1,352233,183016,TRONC
2024-11-02 01:50:23.540,2024-11-02 01:50:23.540,2,352237,183016,TRONC
2024-11-02 01:50:23.545,2024-11-02 01:50:23.545,3,352241,183016,TRONC
2024-11-02 01:50:23.551,2024-11-02 01:50:23.551,4,352245,183016,TRONC
2024-11-02 01:50:23.557,2024-11-02 01:50:23.557,5,352247,183016,TRONC
2024-11-02 01:50:23.566,2024-11-02 01:50:23.566,1,349728,183016,TRONC
2024-11-02 01:50:23.574,2024-11-02 01:50:23.574,2,351053,183016,TRONC
2024-11-02 01:50:23.578,2024-11-02 01:50:23.578,3,351065,183016,TRONC
2024-11-02 01:50:23.584,2024-11-02 01:50:23.584,4,351827,183016,TRONC
2024-11-02 01:50:23.594,2024-11-02 01:50:23.594,5,353458,183016,TRONC
2024-11-02 01:50:23.598,2024-11-02 01:50:23.598,1,351051,183086,""
2024-11-02 01:50:23.608,2024-11-02 01:50:23.608,1,349698,183344,""
2024-11-02 01:50:23.613,2024-11-02 01:50:23.613,1,349700,183344,""
2024-11-02 01:50:23.618,2024-11-02 01:50:23.618,1,349702,183344,""
2024-11-02 01:50:23.625,2024-11-02 01:50:23.625,1,349704,183344,""
2024-11-02 01:50:23.631,2024-11-02 01:50:23.631,1,398735,183344,""
2024-11-02 01:50:23.636,2024-11-02 01:50:23.636,1,351023,183344,""
2024-11-02 01:50:23.641,2024-11-02 01:50:23.641,1,351027,183344,""
2024-11-02 01:50:23.646,2024-11-02 01:50:23.646,1,349682,183032,TRONC
2024-11-02 01:50:23.652,2024-11-02 01:50:23.652,1,787696,183032,TRONC
2024-11-02 01:50:23.660,2024-11-02 01:50:23.660,1,352663,183032,TRONC
2024-11-02 01:50:23.675,2024-11-02 01:50:23.675,2,353450,183032,TRONC
2024-11-02 01:50:23.683,2024-11-02 01:50:23.683,2,351839,183032,TRONC
2024-11-02 01:50:23.693,2024-11-02 01:50:23.693,3,353492,183032,TRONC
2024-11-02 01:50:23.708,2024-11-02 01:50:23.708,3,353498,183032,TRONC
2024-11-02 01:50:23.717,2024-11-02 01:50:23.717,1,349682,182952,TRONC
2024-11-02 01:50:23.726,2024-11-02 01:50:23.726,1,787696,182952,TRONC
2024-11-02 01:50:23.733,2024-11-02 01:50:23.733,1,350187,182952,TRONC
2024-11-02 01:50:23.742,2024-11-02 01:50:23.742,1,350898,182952,TRONC
2024-11-02 01:50:23.748,2024-11-02 01:50:23.748,1,350191,182952,TRONC
2024-11-02 01:50:23.756,2024-11-02 01:50:23.756,2,350195,182952,TRONC
2024-11-02 01:50:23.764,2024-11-02 01:50:23.764,2,350908,182952,TRONC
2024-11-02 01:50:23.773,2024-11-02 01:50:23.773,3,350912,182952,TRONC
2024-11-02 01:50:23.784,2024-11-02 01:50:23.784,3,350922,182952,TRONC
2024-11-02 01:50:23.791,2024-11-02 01:50:23.791,3,350918,182952,TRONC
2024-11-02 01:50:23.797,2024-11-02 01:50:23.797,4,350199,182952,TRONC
2024-11-02 01:50:23.803,2024-11-02 01:50:23.803,4,350207,182952,TRONC
2024-11-02 01:50:23.811,2024-11-02 01:50:23.811,5,350211,182952,TRONC
2024-11-02 01:50:23.817,2024-11-02 01:50:23.817,1,353740,183508,""
2024-11-02 01:50:23.828,2024-11-02 01:50:23.828,1,353742,183508,""
2024-11-02 01:50:23.833,2024-11-02 01:50:23.833,1,353744,183508,""
2024-11-02 01:50:23.846,2024-11-02 01:50:23.846,1,349684,396036,""
2024-11-02 01:50:23.851,2024-11-02 01:50:23.851,1,787886,396036,""
2024-11-02 01:50:23.862,2024-11-02 01:50:23.862,1,350958,396036,""
2024-11-02 01:50:23.867,2024-11-02 01:50:23.867,1,350960,396036,""
2024-11-02 01:50:23.876,2024-11-02 01:50:23.876,1,350962,396036,""
2024-11-02 01:50:23.881,2024-11-02 01:50:23.881,1,350964,396036,""
2024-11-02 01:50:23.885,2024-11-02 01:50:23.885,1,350972,396036,""
2024-11-02 01:50:23.893,2024-11-02 01:50:23.893,1,350974,396036,""
2024-11-02 01:50:23.898,2024-11-02 01:50:23.898,1,350984,396036,""
2024-11-02 01:50:23.906,2024-11-02 01:50:23.906,1,748739,396036,""
2024-11-02 01:50:23.911,2024-11-02 01:50:23.911,1,748741,396036,""
2024-11-02 01:50:23.925,2024-11-02 01:50:23.925,1,352623,182912,TRONC
2024-11-02 01:50:23.933,2024-11-02 01:50:23.933,1,787703,182912,TRONC
2024-11-02 01:50:23.943,2024-11-02 01:50:23.943,1,351873,182912,TRONC
2024-11-02 01:50:23.947,2024-11-02 01:50:23.947,1,349682,182912,TRONC
2024-11-02 01:50:23.953,2024-11-02 01:50:23.953,1,787696,182912,TRONC
2024-11-02 01:50:23.958,2024-11-02 01:50:23.958,1,349710,182912,TRONC
2024-11-02 01:50:23.967,2024-11-02 01:50:23.967,1,349748,182912,TRONC
2024-11-02 01:50:23.978,2024-11-02 01:50:23.978,1,351879,182912,TRONC
2024-11-02 01:50:23.984,2024-11-02 01:50:23.984,2,352655,182912,TRONC
2024-11-02 01:50:23.996,2024-11-02 01:50:23.996,2,352637,182912,TRONC
2024-11-02 01:50:24.006,2024-11-02 01:50:24.006,2,352405,182912,TRONC
2024-11-02 01:50:24.027,2024-11-02 01:50:24.027,2,352377,182912,TRONC
2024-11-02 01:50:24.045,2024-11-02 01:50:24.045,3,352669,182912,TRONC
2024-11-02 01:50:24.060,2024-11-02 01:50:24.060,3,352694,182912,TRONC
2024-11-02 01:50:24.073,2024-11-02 01:50:24.073,3,352413,182912,TRONC
2024-11-02 01:50:24.083,2024-11-02 01:50:24.083,3,353422,182912,TRONC
2024-11-02 01:50:24.094,2024-11-02 01:50:24.094,4,352429,182912,TRONC
2024-11-02 01:50:24.101,2024-11-02 01:50:24.101,4,351893,182912,TRONC
2024-11-02 01:50:24.111,2024-11-02 01:50:24.111,4,351911,182912,TRONC
2024-11-02 01:50:24.115,2024-11-02 01:50:24.115,4,353432,182912,TRONC
2024-11-02 01:50:24.123,2024-11-02 01:50:24.123,4,353396,182912,TRONC
2024-11-02 01:50:24.129,2024-11-02 01:50:24.129,5,351929,182912,TRONC
2024-11-02 01:50:24.136,2024-11-02 01:50:24.136,5,351989,182912,CONCE
2024-11-02 01:50:24.146,2024-11-02 01:50:24.146,5,352531,182912,CONCE
2024-11-02 01:50:24.152,2024-11-02 01:50:24.152,5,351997,182912,TRONC
2024-11-02 01:50:24.160,2024-11-02 01:50:24.160,5,351939,182912,TRONC
2024-11-02 01:50:24.166,2024-11-02 01:50:24.166,6,352077,182912,CONCE
2024-11-02 01:50:24.176,2024-11-02 01:50:24.176,6,351971,182912,TRONC
2024-11-02 01:50:24.180,2024-11-02 01:50:24.180,6,351053,182912,TRONC
2024-11-02 01:50:24.191,2024-11-02 01:50:24.191,7,352457,182912,CONCE
2024-11-02 01:50:24.199,2024-11-02 01:50:24.199,7,352465,182912,CONCE
2024-11-02 01:50:24.209,2024-11-02 01:50:24.209,7,352473,182912,CONCE
2024-11-02 01:50:24.215,2024-11-02 01:50:24.215,7,352491,182912,CONCE
2024-11-02 01:50:24.223,2024-11-02 01:50:24.223,7,352499,182912,CONCE
2024-11-02 01:50:24.229,2024-11-02 01:50:24.229,7,352507,182912,CONCE
2024-11-02 01:50:24.241,2024-11-02 01:50:24.241,7,352517,182912,CONCE
2024-11-02 01:50:24.250,2024-11-02 01:50:24.250,7,352539,182912,CONCE
2024-11-02 01:50:24.262,2024-11-02 01:50:24.262,7,352549,182912,CONCE
2024-11-02 01:50:24.269,2024-11-02 01:50:24.269,7,352559,182912,CONCE
2024-11-02 01:50:24.277,2024-11-02 01:50:24.277,7,352567,182912,CONCE
2024-11-02 01:50:24.282,2024-11-02 01:50:24.282,7,352579,182912,CONCE
2024-11-02 01:50:24.288,2024-11-02 01:50:24.288,7,352587,182912,CONCE
2024-11-02 01:50:24.294,2024-11-02 01:50:24.294,7,352595,182912,CONCE
2024-11-02 01:50:24.301,2024-11-02 01:50:24.301,7,351901,182912,CONCE
2024-11-02 01:50:24.309,2024-11-02 01:50:24.309,7,351949,182912,CONCE
2024-11-02 01:50:24.314,2024-11-02 01:50:24.314,7,354038,182912,TRONC
2024-11-02 01:50:24.319,2024-11-02 01:50:24.319,6,351979,182912,CONCE
2024-11-02 01:50:24.326,2024-11-02 01:50:24.326,8,351957,182912,CONCE
2024-11-02 01:50:24.331,2024-11-02 01:50:24.331,8,352005,182912,CONCE
2024-11-02 01:50:24.337,2024-11-02 01:50:24.337,8,352011,182912,CONCE
2024-11-02 01:50:24.343,2024-11-02 01:50:24.343,8,352021,182912,CONCE
2024-11-02 01:50:24.348,2024-11-02 01:50:24.348,8,352029,182912,CONCE
2024-11-02 01:50:24.352,2024-11-02 01:50:24.352,8,352035,182912,CONCE
2024-11-02 01:50:24.358,2024-11-02 01:50:24.358,8,352039,182912,CONCE
2024-11-02 01:50:24.363,2024-11-02 01:50:24.363,8,352049,182912,CONCE
2024-11-02 01:50:24.372,2024-11-02 01:50:24.372,8,352057,182912,CONCE
2024-11-02 01:50:24.376,2024-11-02 01:50:24.376,8,352099,182912,CONCE
2024-11-02 01:50:24.381,2024-11-02 01:50:24.381,8,352119,182912,CONCE
2024-11-02 01:50:24.386,2024-11-02 01:50:24.386,8,352127,182912,CONCE
2024-11-02 01:50:24.392,2024-11-02 01:50:24.392,8,352133,182912,CONCE
2024-11-02 01:50:24.397,2024-11-02 01:50:24.397,8,352139,182912,CONCE
2024-11-02 01:50:24.404,2024-11-02 01:50:24.404,8,352141,182912,TRONC
2024-11-02 01:50:24.412,2024-11-02 01:50:24.412,1,351423,183414,""
2024-11-02 01:50:24.418,2024-11-02 01:50:24.418,1,351429,183414,""
2024-11-02 01:50:24.431,2024-11-02 01:50:24.431,1,351583,183414,""
2024-11-02 01:50:24.444,2024-11-02 01:50:24.444,1,351665,183414,""
2024-11-02 01:50:24.449,2024-11-02 01:50:24.449,1,351673,183414,""
2024-11-02 01:50:24.454,2024-11-02 01:50:24.454,1,351767,183414,""
2024-11-02 01:50:24.459,2024-11-02 01:50:24.459,1,351773,183414,""
2024-11-02 01:50:24.464,2024-11-02 01:50:24.464,1,351781,183414,""
2024-11-02 01:50:24.470,2024-11-02 01:50:24.470,1,351815,183414,""
2024-11-02 01:50:24.478,2024-11-02 01:50:24.478,1,351727,183414,""
2024-11-02 01:50:24.488,2024-11-02 01:50:24.488,1,353716,183364,""
2024-11-02 01:50:24.495,2024-11-02 01:50:24.495,1,353762,183364,""
2024-11-02 01:50:24.502,2024-11-02 01:50:24.502,1,787696,182960,TRONC
2024-11-02 01:50:24.512,2024-11-02 01:50:24.512,1,349682,182960,TRONC
2024-11-02 01:50:24.516,2024-11-02 01:50:24.516,1,352663,182960,TRONC
2024-11-02 01:50:24.523,2024-11-02 01:50:24.523,1,353462,182960,TRONC
2024-11-02 01:50:24.531,2024-11-02 01:50:24.531,2,349728,182960,TRONC
2024-11-02 01:50:24.535,2024-11-02 01:50:24.535,2,353458,182960,TRONC
2024-11-02 01:50:24.542,2024-11-02 01:50:24.542,3,351827,182960,TRONC
2024-11-02 01:50:24.546,2024-11-02 01:50:24.546,3,353466,182960,CONCE
2024-11-02 01:50:24.550,2024-11-02 01:50:24.550,3,353484,182960,CONCE
2024-11-02 01:50:24.560,2024-11-02 01:50:24.560,4,353476,182960,TRONC
2024-11-02 01:50:24.565,2024-11-02 01:50:24.565,4,353450,182960,TRONC
2024-11-02 01:50:24.572,2024-11-02 01:50:24.572,4,353472,182960,CONCE
2024-11-02 01:50:24.576,2024-11-02 01:50:24.576,5,351053,182960,CONCE
2024-11-02 01:50:24.581,2024-11-02 01:50:24.581,5,351065,182960,CONCE
2024-11-02 01:50:24.586,2024-11-02 01:50:24.586,5,351833,182960,CONCE
2024-11-02 01:50:24.592,2024-11-02 01:50:24.592,5,353492,182960,CONCE
2024-11-02 01:50:24.597,2024-11-02 01:50:24.597,6,353498,182960,CONCE
2024-11-02 01:50:24.601,2024-11-02 01:50:24.601,1,352623,182896,TRONC
2024-11-02 01:50:24.611,2024-11-02 01:50:24.611,1,787696,182896,TRONC
2024-11-02 01:50:24.615,2024-11-02 01:50:24.615,1,353444,182896,TRONC
2024-11-02 01:50:24.622,2024-11-02 01:50:24.622,1,352377,182896,TRONC
2024-11-02 01:50:24.627,2024-11-02 01:50:24.627,1,351483,182896,TRONC
2024-11-02 01:50:24.632,2024-11-02 01:50:24.632,1,351489,182896,PROFI
2024-11-02 01:50:24.639,2024-11-02 01:50:24.639,1,352371,182896,PROFI
2024-11-02 01:50:24.646,2024-11-02 01:50:24.646,1,351495,182896,PROFI
2024-11-02 01:50:24.651,2024-11-02 01:50:24.651,1,349682,182896,TRONC
2024-11-02 01:50:24.657,2024-11-02 01:50:24.657,2,352694,182896,TRONC
2024-11-02 01:50:24.662,2024-11-02 01:50:24.662,2,353432,182896,TRONC
2024-11-02 01:50:24.667,2024-11-02 01:50:24.667,2,349728,182896,TRONC
2024-11-02 01:50:24.675,2024-11-02 01:50:24.675,2,351501,182896,PROFI
2024-11-02 01:50:24.680,2024-11-02 01:50:24.680,3,351059,182896,TRONC
2024-11-02 01:50:24.685,2024-11-02 01:50:24.685,3,352655,182896,TRONC
2024-11-02 01:50:24.690,2024-11-02 01:50:24.690,3,353422,182896,TRONC
2024-11-02 01:50:24.701,2024-11-02 01:50:24.701,3,351515,182896,PROFI
2024-11-02 01:50:24.709,2024-11-02 01:50:24.709,3,352383,182896,TRONC
2024-11-02 01:50:24.715,2024-11-02 01:50:24.715,3,353396,182896,TRONC
2024-11-02 01:50:24.720,2024-11-02 01:50:24.720,4,351861,182896,TRONC
2024-11-02 01:50:24.726,2024-11-02 01:50:24.726,4,351539,182896,TRONC
2024-11-02 01:50:24.732,2024-11-02 01:50:24.732,4,351507,182896,PROFI
2024-11-02 01:50:24.739,2024-11-02 01:50:24.739,4,351531,182896,TRONC
2024-11-02 01:50:24.752,2024-11-02 01:50:24.752,5,351547,182896,TRONC
2024-11-02 01:50:24.763,2024-11-02 01:50:24.763,5,351557,182896,TRONC
2024-11-02 01:50:24.771,2024-11-02 01:50:24.771,5,352669,182896,TRONC
2024-11-02 01:50:24.778,2024-11-02 01:50:24.778,5,351573,182896,TRONC
2024-11-02 01:50:24.787,2024-11-02 01:50:24.787,6,351781,182896,TRONC
2024-11-02 01:50:24.793,2024-11-02 01:50:24.793,7,349710,182896,TRONC
2024-11-02 01:50:24.799,2024-11-02 01:50:24.799,7,351727,182896,TRONC
2024-11-02 01:50:24.807,2024-11-02 01:50:24.807,7,354038,182896,TRONC
2024-11-02 01:50:24.812,2024-11-02 01:50:24.812,7,354044,182896,TRONC
2024-11-02 01:50:24.817,2024-11-02 01:50:24.817,8,351825,182896,TRONC
2024-11-02 01:50:24.826,2024-11-02 01:50:24.826,7,352143,182896,CONCE
2024-11-02 01:50:24.830,2024-11-02 01:50:24.830,7,352149,182896,CONCE
2024-11-02 01:50:24.837,2024-11-02 01:50:24.837,7,352155,182896,CONCE
2024-11-02 01:50:24.842,2024-11-02 01:50:24.842,7,352161,182896,CONCE
2024-11-02 01:50:24.846,2024-11-02 01:50:24.846,7,352167,182896,CONCE
2024-11-02 01:50:24.851,2024-11-02 01:50:24.851,7,352197,182896,CONCE
2024-11-02 01:50:24.857,2024-11-02 01:50:24.857,8,352173,182896,CONCE
2024-11-02 01:50:24.862,2024-11-02 01:50:24.862,8,352179,182896,CONCE
2024-11-02 01:50:24.867,2024-11-02 01:50:24.867,8,352185,182896,CONCE
2024-11-02 01:50:24.874,2024-11-02 01:50:24.874,8,352191,182896,CONCE
2024-11-02 01:50:24.878,2024-11-02 01:50:24.878,6,351619,182896,CONCE
2024-11-02 01:50:24.883,2024-11-02 01:50:24.883,6,351641,182896,CONCE
2024-11-02 01:50:24.888,2024-11-02 01:50:24.888,6,351653,182896,CONCE
2024-11-02 01:50:24.894,2024-11-02 01:50:24.894,6,351815,182896,CONCE
2024-11-02 01:50:24.900,2024-11-02 01:50:24.900,6,351647,182896,CONCE
2024-11-02 01:50:24.907,2024-11-02 01:50:24.907,6,351773,182896,CONCE
2024-11-02 01:50:24.924,2024-11-02 01:50:24.924,6,351597,182896,CONCE
2024-11-02 01:50:24.945,2024-11-02 01:50:24.945,6,351733,182896,CONCE
2024-11-02 01:50:24.958,2024-11-02 01:50:24.958,6,351603,182896,CONCE
2024-11-02 01:50:24.968,2024-11-02 01:50:24.968,6,351665,182896,CONCE
2024-11-02 01:50:24.978,2024-11-02 01:50:24.978,7,351713,182896,CONCE
2024-11-02 01:50:24.983,2024-11-02 01:50:24.983,7,351627,182896,CONCE
2024-11-02 01:50:24.990,2024-11-02 01:50:24.990,7,351695,182896,CONCE
2024-11-02 01:50:24.998,2024-11-02 01:50:24.998,4,351807,182896,CONCE
2024-11-02 01:50:25.006,2024-11-02 01:50:25.006,7,351635,182896,CONCE
2024-11-02 01:50:25.011,2024-11-02 01:50:25.011,7,351583,182896,CONCE
2024-11-02 01:50:25.015,2024-11-02 01:50:25.015,7,351673,182896,CONCE
2024-11-02 01:50:25.021,2024-11-02 01:50:25.021,7,351681,182896,CONCE
2024-11-02 01:50:25.030,2024-11-02 01:50:25.030,7,351707,182896,CONCE
2024-11-02 01:50:25.035,2024-11-02 01:50:25.035,7,351767,182896,CONCE
2024-11-02 01:50:25.042,2024-11-02 01:50:25.042,8,351659,182896,CONCE
2024-11-02 01:50:25.048,2024-11-02 01:50:25.048,8,351077,182896,CONCE
2024-11-02 01:50:25.055,2024-11-02 01:50:25.055,8,351823,182896,CONCE
2024-11-02 01:50:25.061,2024-11-02 01:50:25.061,8,351867,182896,CONCE
2024-11-02 01:50:25.078,2024-11-02 01:50:25.078,1,349770,182816,TRONC
2024-11-02 01:50:25.089,2024-11-02 01:50:25.089,1,787696,182816,TRONC
2024-11-02 01:50:25.097,2024-11-02 01:50:25.097,1,349782,182816,PROFI
2024-11-02 01:50:25.103,2024-11-02 01:50:25.103,1,352623,182816,TRONC
2024-11-02 01:50:25.108,2024-11-02 01:50:25.108,1,349784,182816,PROFI
2024-11-02 01:50:25.114,2024-11-02 01:50:25.114,1,349728,182816,TRONC
2024-11-02 01:50:25.122,2024-11-02 01:50:25.122,1,349682,182816,TRONC
2024-11-02 01:50:25.127,2024-11-02 01:50:25.127,1,353444,182816,TRONC
2024-11-02 01:50:25.133,2024-11-02 01:50:25.133,2,349790,182816,PROFI
2024-11-02 01:50:25.139,2024-11-02 01:50:25.139,2,352353,182816,TRONC
2024-11-02 01:50:25.144,2024-11-02 01:50:25.144,2,352655,182816,TRONC
2024-11-02 01:50:25.149,2024-11-02 01:50:25.149,2,349710,182816,TRONC
2024-11-02 01:50:25.157,2024-11-02 01:50:25.157,2,349796,182816,PROFI
2024-11-02 01:50:25.163,2024-11-02 01:50:25.163,2,352629,182816,TRONC
2024-11-02 01:50:25.168,2024-11-02 01:50:25.168,3,349810,182816,TRONC
2024-11-02 01:50:25.176,2024-11-02 01:50:25.176,3,352669,182816,TRONC
2024-11-02 01:50:25.183,2024-11-02 01:50:25.183,3,349828,182816,TRONC
2024-11-02 01:50:25.188,2024-11-02 01:50:25.188,3,349838,182816,PROFI
2024-11-02 01:50:25.197,2024-11-02 01:50:25.197,3,349804,182816,TRONC
2024-11-02 01:50:25.203,2024-11-02 01:50:25.203,3,353396,182816,TRONC
2024-11-02 01:50:25.208,2024-11-02 01:50:25.208,4,349858,182816,TRONC
2024-11-02 01:50:25.213,2024-11-02 01:50:25.213,4,351053,182816,TRONC
2024-11-02 01:50:25.217,2024-11-02 01:50:25.217,4,349848,182816,TRONC
2024-11-02 01:50:25.225,2024-11-02 01:50:25.225,4,353432,182816,TRONC
2024-11-02 01:50:25.230,2024-11-02 01:50:25.230,4,353422,182816,TRONC
2024-11-02 01:50:25.239,2024-11-02 01:50:25.239,5,349942,182816,CONCE
2024-11-02 01:50:25.246,2024-11-02 01:50:25.246,5,349950,182816,CONCE
2024-11-02 01:50:25.250,2024-11-02 01:50:25.250,5,349928,182816,TRONC
2024-11-02 01:50:25.257,2024-11-02 01:50:25.257,5,349880,182816,TRONC
2024-11-02 01:50:25.262,2024-11-02 01:50:25.262,5,349906,182816,TRONC
2024-11-02 01:50:25.267,2024-11-02 01:50:25.267,5,349868,182816,PROFI
2024-11-02 01:50:25.273,2024-11-02 01:50:25.273,5,349896,182816,TRONC
2024-11-02 01:50:25.278,2024-11-02 01:50:25.278,5,349958,182816,CONCE
2024-11-02 01:50:25.282,2024-11-02 01:50:25.282,6,354038,182816,TRONC
2024-11-02 01:50:25.289,2024-11-02 01:50:25.289,6,350051,182816,CONCE
2024-11-02 01:50:25.295,2024-11-02 01:50:25.295,6,350079,182816,CONCE
2024-11-02 01:50:25.300,2024-11-02 01:50:25.300,6,350065,182816,CONCE
2024-11-02 01:50:25.308,2024-11-02 01:50:25.308,6,349912,182816,TRONC
2024-11-02 01:50:25.314,2024-11-02 01:50:25.314,6,349920,182816,TRONC
2024-11-02 01:50:25.319,2024-11-02 01:50:25.319,6,350119,182816,CONCE
2024-11-02 01:50:25.324,2024-11-02 01:50:25.324,6,350059,182816,CONCE
2024-11-02 01:50:25.329,2024-11-02 01:50:25.329,6,350127,182816,CONCE
2024-11-02 01:50:25.333,2024-11-02 01:50:25.333,7,350067,182816,CONCE
2024-11-02 01:50:25.341,2024-11-02 01:50:25.341,7,350143,182816,CONCE
2024-11-02 01:50:25.345,2024-11-02 01:50:25.345,7,350135,182816,CONCE
2024-11-02 01:50:25.349,2024-11-02 01:50:25.349,7,349964,182816,CONCE
2024-11-02 01:50:25.354,2024-11-02 01:50:25.354,7,349972,182816,CONCE
2024-11-02 01:50:25.360,2024-11-02 01:50:25.360,7,349996,182816,CONCE
2024-11-02 01:50:25.365,2024-11-02 01:50:25.365,7,349980,182816,CONCE
2024-11-02 01:50:25.371,2024-11-02 01:50:25.371,7,350002,182816,CONCE
2024-11-02 01:50:25.377,2024-11-02 01:50:25.377,7,350008,182816,CONCE
2024-11-02 01:50:25.383,2024-11-02 01:50:25.383,8,350085,182816,CONCE
2024-11-02 01:50:25.388,2024-11-02 01:50:25.388,8,350045,182816,CONCE
2024-11-02 01:50:25.393,2024-11-02 01:50:25.393,8,350093,182816,CONCE
2024-11-02 01:50:25.398,2024-11-02 01:50:25.398,8,350111,182816,CONCE
2024-11-02 01:50:25.403,2024-11-02 01:50:25.403,8,350071,182816,CONCE
2024-11-02 01:50:25.408,2024-11-02 01:50:25.408,8,350077,182816,CONCE
2024-11-02 01:50:25.412,2024-11-02 01:50:25.412,8,350015,182816,CONCE
2024-11-02 01:50:25.416,2024-11-02 01:50:25.416,8,349938,182816,CONCE
2024-11-02 01:50:25.422,2024-11-02 01:50:25.422,8,350037,182816,CONCE
2024-11-02 01:50:25.427,2024-11-02 01:50:25.427,8,350031,182816,CONCE
2024-11-02 01:50:25.432,2024-11-02 01:50:25.432,8,349988,182816,CONCE
2024-11-02 01:50:25.437,2024-11-02 01:50:25.437,8,350151,182816,CONCE
2024-11-02 01:50:25.442,2024-11-02 01:50:25.442,8,350153,182816,TRONC
2024-11-02 01:50:25.447,2024-11-02 01:50:25.447,1,351423,183404,""
2024-11-02 01:50:25.454,2024-11-02 01:50:25.454,1,351429,183404,""
2024-11-02 01:50:25.460,2024-11-02 01:50:25.460,1,351583,183404,""
2024-11-02 01:50:25.465,2024-11-02 01:50:25.465,1,351665,183404,""
2024-11-02 01:50:25.471,2024-11-02 01:50:25.471,1,351673,183404,""
2024-11-02 01:50:25.476,2024-11-02 01:50:25.476,1,351767,183404,""
2024-11-02 01:50:25.480,2024-11-02 01:50:25.480,1,351773,183404,""
2024-11-02 01:50:25.486,2024-11-02 01:50:25.486,1,351781,183404,""
2024-11-02 01:50:25.492,2024-11-02 01:50:25.492,1,351815,183404,""
2024-11-02 01:50:25.497,2024-11-02 01:50:25.497,1,351727,183404,""
2024-11-02 01:50:25.502,2024-11-02 01:50:25.502,1,787696,182864,TRONC
2024-11-02 01:50:25.507,2024-11-02 01:50:25.507,1,352722,182864,TRONC
2024-11-02 01:50:25.512,2024-11-02 01:50:25.512,1,352710,182864,PROFI
2024-11-02 01:50:25.517,2024-11-02 01:50:25.517,1,349742,182864,TRONC
2024-11-02 01:50:25.533,2024-11-02 01:50:25.533,1,352716,182864,TRONC
2024-11-02 01:50:25.546,2024-11-02 01:50:25.546,1,349682,182864,TRONC
2024-11-02 01:50:25.556,2024-11-02 01:50:25.556,1,352623,182864,TRONC
2024-11-02 01:50:25.566,2024-11-02 01:50:25.566,1,353444,182864,TRONC
2024-11-02 01:50:25.574,2024-11-02 01:50:25.574,2,349710,182864,TRONC
2024-11-02 01:50:25.579,2024-11-02 01:50:25.579,2,352740,182864,TRONC
2024-11-02 01:50:25.584,2024-11-02 01:50:25.584,2,352629,182864,TRONC
2024-11-02 01:50:25.589,2024-11-02 01:50:25.589,2,352750,182864,TRONC
2024-11-02 01:50:25.595,2024-11-02 01:50:25.595,3,352732,182864,TRONC
2024-11-02 01:50:25.600,2024-11-02 01:50:25.600,3,352764,182864,TRONC
2024-11-02 01:50:25.606,2024-11-02 01:50:25.606,3,352359,182864,TRONC
2024-11-02 01:50:25.611,2024-11-02 01:50:25.611,3,352774,182864,TRONC
2024-11-02 01:50:25.615,2024-11-02 01:50:25.615,3,352655,182864,TRONC
2024-11-02 01:50:25.620,2024-11-02 01:50:25.620,3,353396,182864,TRONC
2024-11-02 01:50:25.625,2024-11-02 01:50:25.625,4,352756,182864,TRONC
2024-11-02 01:50:25.631,2024-11-02 01:50:25.631,4,352790,182864,TRONC
2024-11-02 01:50:25.636,2024-11-02 01:50:25.636,4,353422,182864,TRONC
2024-11-02 01:50:25.642,2024-11-02 01:50:25.642,4,352926,182864,CONCE
2024-11-02 01:50:25.647,2024-11-02 01:50:25.647,4,352669,182864,TRONC
2024-11-02 01:50:25.651,2024-11-02 01:50:25.651,5,352866,182864,TRONC
2024-11-02 01:50:25.656,2024-11-02 01:50:25.656,5,352808,182864,TRONC
2024-11-02 01:50:25.661,2024-11-02 01:50:25.661,5,352782,182864,CONCE
2024-11-02 01:50:25.666,2024-11-02 01:50:25.666,5,351059,182864,TRONC
2024-11-02 01:50:25.673,2024-11-02 01:50:25.673,6,352143,182864,CONCE
2024-11-02 01:50:25.677,2024-11-02 01:50:25.677,6,353115,182864,CONCE
2024-11-02 01:50:25.682,2024-11-02 01:50:25.682,6,352918,182864,CONCE
2024-11-02 01:50:25.687,2024-11-02 01:50:25.687,6,352834,182864,CONCE
2024-11-02 01:50:25.693,2024-11-02 01:50:25.693,6,352880,182864,CONCE
2024-11-02 01:50:25.697,2024-11-02 01:50:25.697,6,352826,182864,TRONC
2024-11-02 01:50:25.702,2024-11-02 01:50:25.702,6,352844,182864,CONCE
2024-11-02 01:50:25.707,2024-11-02 01:50:25.707,6,352858,182864,CONCE
2024-11-02 01:50:25.711,2024-11-02 01:50:25.711,6,353042,182864,CONCE
2024-11-02 01:50:25.716,2024-11-02 01:50:25.716,6,352800,182864,TRONC
2024-11-02 01:50:25.721,2024-11-02 01:50:25.721,6,352944,182864,CONCE
2024-11-02 01:50:25.727,2024-11-02 01:50:25.727,6,352896,182864,CONCE
2024-11-02 01:50:25.731,2024-11-02 01:50:25.731,6,353068,182864,CONCE
2024-11-02 01:50:25.736,2024-11-02 01:50:25.736,6,352818,182864,TRONC
2024-11-02 01:50:25.741,2024-11-02 01:50:25.741,7,352155,182864,CONCE
2024-11-02 01:50:25.745,2024-11-02 01:50:25.745,7,352888,182864,CONCE
2024-11-02 01:50:25.749,2024-11-02 01:50:25.749,7,353093,182864,CONCE
2024-11-02 01:50:25.754,2024-11-02 01:50:25.754,7,352852,182864,CONCE
2024-11-02 01:50:25.760,2024-11-02 01:50:25.760,7,353062,182864,CONCE
2024-11-02 01:50:25.764,2024-11-02 01:50:25.764,7,353020,182864,CONCE
2024-11-02 01:50:25.770,2024-11-02 01:50:25.770,7,353034,182864,CONCE
2024-11-02 01:50:25.775,2024-11-02 01:50:25.775,7,352968,182864,CONCE
2024-11-02 01:50:25.779,2024-11-02 01:50:25.779,7,353123,182864,TRONC
2024-11-02 01:50:25.783,2024-11-02 01:50:25.783,7,352910,182864,CONCE
2024-11-02 01:50:25.788,2024-11-02 01:50:25.788,7,352902,182864,CONCE
2024-11-02 01:50:25.794,2024-11-02 01:50:25.794,7,352988,182864,CONCE
2024-11-02 01:50:25.799,2024-11-02 01:50:25.799,7,353076,182864,CONCE
2024-11-02 01:50:25.807,2024-11-02 01:50:25.807,7,352876,182864,CONCE
2024-11-02 01:50:25.812,2024-11-02 01:50:25.812,7,353052,182864,CONCE
2024-11-02 01:50:25.817,2024-11-02 01:50:25.817,7,353004,182864,CONCE
2024-11-02 01:50:25.827,2024-11-02 01:50:25.827,7,352934,182864,CONCE
2024-11-02 01:50:25.835,2024-11-02 01:50:25.835,7,352952,182864,CONCE
2024-11-02 01:50:25.842,2024-11-02 01:50:25.842,8,352149,182864,CONCE
2024-11-02 01:50:25.849,2024-11-02 01:50:25.849,8,354038,182864,CONCE
2024-11-02 01:50:25.855,2024-11-02 01:50:25.855,8,352161,182864,CONCE
2024-11-02 01:50:25.863,2024-11-02 01:50:25.863,8,352167,182864,CONCE
2024-11-02 01:50:25.872,2024-11-02 01:50:25.872,8,352173,182864,CONCE
2024-11-02 01:50:25.879,2024-11-02 01:50:25.879,8,352974,182864,CONCE
2024-11-02 01:50:25.884,2024-11-02 01:50:25.884,8,353101,182864,CONCE
2024-11-02 01:50:25.889,2024-11-02 01:50:25.889,8,353109,182864,CONCE
2024-11-02 01:50:25.895,2024-11-02 01:50:25.895,8,352179,182864,CONCE
2024-11-02 01:50:25.899,2024-11-02 01:50:25.899,8,352185,182864,CONCE
2024-11-02 01:50:25.907,2024-11-02 01:50:25.907,8,352191,182864,CONCE
2024-11-02 01:50:25.912,2024-11-02 01:50:25.912,8,352197,182864,CONCE
2024-11-02 01:50:25.916,2024-11-02 01:50:25.916,8,352980,182864,CONCE
2024-11-02 01:50:25.922,2024-11-02 01:50:25.922,8,353085,182864,CONCE
2024-11-02 01:50:25.928,2024-11-02 01:50:25.928,8,353012,182864,CONCE
2024-11-02 01:50:25.934,2024-11-02 01:50:25.934,8,352996,182864,CONCE
2024-11-02 01:50:25.940,2024-11-02 01:50:25.940,8,354044,182864,CONCE
2024-11-02 01:50:25.947,2024-11-02 01:50:25.947,8,353133,182864,CONCE
2024-11-02 01:50:25.952,2024-11-02 01:50:25.952,8,349654,182864,CONCE
2024-11-02 01:50:25.960,2024-11-02 01:50:25.960,8,352958,182864,CONCE
2024-11-02 01:50:25.968,2024-11-02 01:50:25.968,8,351077,182864,CONCE
2024-11-02 01:50:25.984,2024-11-02 01:50:25.984,8,353135,182864,TRONC
2024-11-02 01:50:26.010,2024-11-02 01:50:26.010,1,353330,183528,""
2024-11-02 01:50:26.021,2024-11-02 01:50:26.021,1,353336,183528,""
2024-11-02 01:50:26.028,2024-11-02 01:50:26.028,1,353340,183528,""
2024-11-02 01:50:26.033,2024-11-02 01:50:26.033,1,353344,183528,""
2024-11-02 01:50:26.039,2024-11-02 01:50:26.039,1,353348,183528,""
2024-11-02 01:50:26.045,2024-11-02 01:50:26.045,1,353354,183528,""
2024-11-02 01:50:26.050,2024-11-02 01:50:26.050,1,353356,183528,""
2024-11-02 01:50:26.059,2024-11-02 01:50:26.059,1,353358,183528,""
2024-11-02 01:50:26.068,2024-11-02 01:50:26.068,1,353362,183528,""
2024-11-02 01:50:26.076,2024-11-02 01:50:26.076,1,686472,183528,""
2024-11-02 01:50:26.086,2024-11-02 01:50:26.086,1,349684,391265,""
2024-11-02 01:50:26.096,2024-11-02 01:50:26.096,1,787886,391265,""
2024-11-02 01:50:26.108,2024-11-02 01:50:26.108,1,398729,391265,""
2024-11-02 01:50:26.112,2024-11-02 01:50:26.112,1,398731,391265,""
2024-11-02 01:50:26.119,2024-11-02 01:50:26.119,1,349684,183216,""
2024-11-02 01:50:26.130,2024-11-02 01:50:26.130,1,787886,183216,""
2024-11-02 01:50:26.136,2024-11-02 01:50:26.136,1,352702,183216,""
2024-11-02 01:50:26.156,2024-11-02 01:50:26.156,1,353704,183216,""
2024-11-02 01:50:26.172,2024-11-02 01:50:26.172,1,353706,183216,""
2024-11-02 01:50:26.186,2024-11-02 01:50:26.186,1,353740,183216,""
2024-11-02 01:50:26.194,2024-11-02 01:50:26.194,1,353692,183216,""
2024-11-02 01:50:26.200,2024-11-02 01:50:26.200,1,353742,183216,""
2024-11-02 01:50:26.207,2024-11-02 01:50:26.207,1,353744,183216,""
2024-11-02 01:50:26.212,2024-11-02 01:50:26.212,1,353768,183216,""
2024-11-02 01:50:26.216,2024-11-02 01:50:26.216,1,353782,183216,""
2024-11-02 01:50:26.234,2024-11-02 01:50:26.234,1,349688,183126,""
2024-11-02 01:50:26.249,2024-11-02 01:50:26.249,1,349700,183126,""
2024-11-02 01:50:26.255,2024-11-02 01:50:26.255,1,350751,183126,""
2024-11-02 01:50:26.260,2024-11-02 01:50:26.260,1,350864,183126,""
2024-11-02 01:50:26.265,2024-11-02 01:50:26.265,1,350970,183126,""
2024-11-02 01:50:26.270,2024-11-02 01:50:26.270,1,351023,183126,""
2024-11-02 01:50:26.276,2024-11-02 01:50:26.276,1,353284,183126,""
2024-11-02 01:50:26.280,2024-11-02 01:50:26.280,1,353290,183126,""
2024-11-02 01:50:26.286,2024-11-02 01:50:26.286,1,353322,183126,""
2024-11-02 01:50:26.294,2024-11-02 01:50:26.294,1,353762,183126,""
2024-11-02 01:50:26.299,2024-11-02 01:50:26.299,1,349682,182992,TRONC
2024-11-02 01:50:26.307,2024-11-02 01:50:26.307,1,787696,182992,TRONC
2024-11-02 01:50:26.312,2024-11-02 01:50:26.312,1,353980,182992,TRONC
2024-11-02 01:50:26.317,2024-11-02 01:50:26.317,1,353986,182992,TRONC
2024-11-02 01:50:26.324,2024-11-02 01:50:26.324,2,353992,182992,TRONC
2024-11-02 01:50:26.331,2024-11-02 01:50:26.331,2,353998,182992,TRONC
2024-11-02 01:50:26.336,2024-11-02 01:50:26.336,3,354004,182992,TRONC
2024-11-02 01:50:26.346,2024-11-02 01:50:26.346,3,354018,182992,TRONC
2024-11-02 01:50:26.351,2024-11-02 01:50:26.351,4,354010,182992,TRONC
2024-11-02 01:50:26.360,2024-11-02 01:50:26.360,4,354024,182992,TRONC
2024-11-02 01:50:26.365,2024-11-02 01:50:26.365,5,354030,182992,TRONC
2024-11-02 01:50:26.374,2024-11-02 01:50:26.374,5,354036,182992,TRONC
2024-11-02 01:50:26.380,2024-11-02 01:50:26.380,1,350800,183464,""
2024-11-02 01:50:26.396,2024-11-02 01:50:26.396,1,353786,183738,""
2024-11-02 01:50:26.401,2024-11-02 01:50:26.401,1,353792,183738,""
2024-11-02 01:50:26.413,2024-11-02 01:50:26.413,1,349684,183384,""
2024-11-02 01:50:26.417,2024-11-02 01:50:26.417,1,787886,183384,""
2024-11-02 01:50:26.425,2024-11-02 01:50:26.425,1,353177,183384,""
2024-11-02 01:50:26.433,2024-11-02 01:50:26.433,1,353181,183384,""
2024-11-02 01:50:26.442,2024-11-02 01:50:26.442,1,353185,183384,""
2024-11-02 01:50:26.448,2024-11-02 01:50:26.448,1,353187,183384,""
2024-11-02 01:50:26.456,2024-11-02 01:50:26.456,1,353189,183384,""
2024-11-02 01:50:26.462,2024-11-02 01:50:26.462,1,353194,183384,""
2024-11-02 01:50:26.468,2024-11-02 01:50:26.468,1,349690,183384,""
2024-11-02 01:50:26.477,2024-11-02 01:50:26.477,1,353214,183384,""
2024-11-02 01:50:26.482,2024-11-02 01:50:26.482,1,353228,183384,""
2024-11-02 01:50:26.488,2024-11-02 01:50:26.488,1,353230,183384,""
2024-11-02 01:50:26.499,2024-11-02 01:50:26.499,1,349688,183384,""
2024-11-02 01:50:26.512,2024-11-02 01:50:26.512,1,412707,183384,""
2024-11-02 01:50:26.517,2024-11-02 01:50:26.517,1,412709,183384,""
2024-11-02 01:50:26.527,2024-11-02 01:50:26.527,1,412712,183384,""
2024-11-02 01:50:26.538,2024-11-02 01:50:26.538,1,353650,183354,""
2024-11-02 01:50:26.551,2024-11-02 01:50:26.551,1,353662,183354,""
2024-11-02 01:50:26.562,2024-11-02 01:50:26.562,1,353686,183354,""
2024-11-02 01:50:26.574,2024-11-02 01:50:26.574,1,353704,183354,""
2024-11-02 01:50:26.585,2024-11-02 01:50:26.585,1,353748,183354,""
2024-11-02 01:50:26.605,2024-11-02 01:50:26.605,1,351077,183424,""
2024-11-02 01:50:26.615,2024-11-02 01:50:26.615,1,351849,183424,""
2024-11-02 01:50:26.623,2024-11-02 01:50:26.623,1,352910,183424,""
2024-11-02 01:50:26.629,2024-11-02 01:50:26.629,1,352926,183424,""
2024-11-02 01:50:26.638,2024-11-02 01:50:26.638,1,351021,183286,""
2024-11-02 01:50:26.647,2024-11-02 01:50:26.647,1,351041,183286,""
2024-11-02 01:50:26.651,2024-11-02 01:50:26.651,1,349684,183136,""
2024-11-02 01:50:26.659,2024-11-02 01:50:26.659,1,787886,183136,""
2024-11-02 01:50:26.665,2024-11-02 01:50:26.665,1,407637,183136,""
2024-11-02 01:50:26.671,2024-11-02 01:50:26.671,1,407585,183136,""
2024-11-02 01:50:26.679,2024-11-02 01:50:26.679,1,353179,183136,""
2024-11-02 01:50:26.684,2024-11-02 01:50:26.684,1,353183,183136,""
2024-11-02 01:50:26.689,2024-11-02 01:50:26.689,1,353196,183136,""
2024-11-02 01:50:26.695,2024-11-02 01:50:26.695,1,353200,183136,""
2024-11-02 01:50:26.700,2024-11-02 01:50:26.700,1,353202,183136,""
2024-11-02 01:50:26.707,2024-11-02 01:50:26.707,1,353198,183136,""
2024-11-02 01:50:26.712,2024-11-02 01:50:26.712,1,353206,183136,""
2024-11-02 01:50:26.716,2024-11-02 01:50:26.716,1,353212,183136,""
2024-11-02 01:50:26.722,2024-11-02 01:50:26.722,1,353222,183136,""
2024-11-02 01:50:26.728,2024-11-02 01:50:26.728,1,353234,183136,""
2024-11-02 01:50:26.734,2024-11-02 01:50:26.734,1,407633,183136,""
2024-11-02 01:50:26.740,2024-11-02 01:50:26.740,1,351101,183136,""
2024-11-02 01:50:26.746,2024-11-02 01:50:26.746,1,349684,183276,""
2024-11-02 01:50:26.750,2024-11-02 01:50:26.750,1,787886,183276,""
2024-11-02 01:50:26.755,2024-11-02 01:50:26.755,1,350958,183276,""
2024-11-02 01:50:26.761,2024-11-02 01:50:26.761,1,350960,183276,""
2024-11-02 01:50:26.766,2024-11-02 01:50:26.766,1,350962,183276,""
2024-11-02 01:50:26.771,2024-11-02 01:50:26.771,1,350964,183276,""
2024-11-02 01:50:26.775,2024-11-02 01:50:26.775,1,350972,183276,""
2024-11-02 01:50:26.780,2024-11-02 01:50:26.780,1,350974,183276,""
2024-11-02 01:50:26.786,2024-11-02 01:50:26.786,1,350984,183276,""
2024-11-02 01:50:26.791,2024-11-02 01:50:26.791,1,748739,183276,""
2024-11-02 01:50:26.797,2024-11-02 01:50:26.797,1,748741,183276,""
2024-11-02 01:50:26.802,2024-11-02 01:50:26.802,1,349684,183176,""
2024-11-02 01:50:26.807,2024-11-02 01:50:26.807,1,787886,183176,""
2024-11-02 01:50:26.812,2024-11-02 01:50:26.812,1,350846,183176,""
2024-11-02 01:50:26.818,2024-11-02 01:50:26.818,1,350864,183176,""
2024-11-02 01:50:26.823,2024-11-02 01:50:26.823,1,352149,183176,""
2024-11-02 01:50:26.828,2024-11-02 01:50:26.828,1,353524,183176,""
2024-11-02 01:50:26.835,2024-11-02 01:50:26.835,1,353526,183176,""
2024-11-02 01:50:26.841,2024-11-02 01:50:26.841,1,353528,183176,""
2024-11-02 01:50:26.846,2024-11-02 01:50:26.846,1,353530,183176,""
2024-11-02 01:50:26.851,2024-11-02 01:50:26.851,1,353532,183176,""
2024-11-02 01:50:26.856,2024-11-02 01:50:26.856,1,353534,183176,""
2024-11-02 01:50:26.862,2024-11-02 01:50:26.862,1,353536,183176,""
2024-11-02 01:50:26.866,2024-11-02 01:50:26.866,1,353538,183176,""
